{
    "series_data":[
        0,
        1,
        4,
        6,
        4,
        5,
        7,
        5,
        9,
        21,
        11,
        11,
        34,
        14,
        28,
        13,
        37,
        21,
        22,
        29,
        30,
        38,
        29,
        22,
        21,
        325,
        167,
        40,
        30,
        18,
        26,
        40,
        24,
        46,
        15,
        20,
        32,
        68,
        24,
        13,
        39,
        38,
        16,
        23,
        26,
        13,
        11,
        11,
        8,
        5
    ],
    "legend_data":[
        0,
        0.02,
        0.04,
        0.06,
        0.08,
        0.1,
        0.12,
        0.14,
        0.16,
        0.18,
        0.2,
        0.22,
        0.24,
        0.26,
        0.28,
        0.3,
        0.32,
        0.34,
        0.36,
        0.38,
        0.4,
        0.42,
        0.44,
        0.46,
        0.48,
        0.5,
        0.52,
        0.54,
        0.56,
        0.58,
        0.6,
        0.62,
        0.64,
        0.66,
        0.68,
        0.7000000000000001,
        0.72,
        0.74,
        0.76,
        0.78,
        0.8,
        0.8200000000000001,
        0.84,
        0.86,
        0.88,
        0.9,
        0.92,
        0.9400000000000001,
        0.96,
        0.98,
        1
    ]
}